<?xml version="1.0" encoding="UTF-8"?>
<project-private xmlns="http://www.netbeans.org/ns/project-private/1">
    <editor-bookmarks xmlns="http://www.netbeans.org/ns/editor-bookmarks/2" lastBookmarkId="0"/>
    <open-files xmlns="http://www.netbeans.org/ns/projectui-open-files/2">
        <group>
            <file>file:/E:/(LAB211)OOP%20with%20Java%20Lab/Huyen/src/Pond.java</file>
            <file>file:/E:/(LAB211)OOP%20with%20Java%20Lab/Huyen/src/Area.java</file>
            <file>file:/E:/(LAB211)OOP%20with%20Java%20Lab/Huyen/src/Duck.java</file>
            <file>file:/E:/(LAB211)OOP%20with%20Java%20Lab/Huyen/src/Dog.java</file>
            <file>file:/E:/(LAB211)OOP%20with%20Java%20Lab/Huyen/src/Cave.java</file>
            <file>file:/E:/(LAB211)OOP%20with%20Java%20Lab/Huyen/src/Cage.java</file>
            <file>file:/E:/(LAB211)OOP%20with%20Java%20Lab/Huyen/src/Farm.java</file>
            <file>file:/E:/(LAB211)OOP%20with%20Java%20Lab/Huyen/src/Chicken.java</file>
            <file>file:/E:/(LAB211)OOP%20with%20Java%20Lab/Huyen/src/Pig.java</file>
            <file>file:/E:/(LAB211)OOP%20with%20Java%20Lab/Huyen/src/Ground.java</file>
        </group>
    </open-files>
</project-private>
